,,
,,
MU03 starts 28 March 2023,,
"(that was commissioning - plasmas not until May, regular operation with beams not until June)",,
MU03 ends 24 January 2024,,
,,
,,
5/26/2023,,
,47608,DN-750-CD-SW
6/15/2023,,
,47659,DN-750-CD-SW
6/16/2023,,
,47665,DN-750-CD-SW
6/20/2023,,
,47702,DN-750-CD-SW
,47710,DN-750-CD-SW
6/21/2023,,
,47719,DN-750-CD-SW
,47720,DN-750-SX-SW
,47721,DN-750-SX-SW
,47722,DN-750-SX-SW
,47723,DN-750-SX-SW
,47724,DN-750-SX-SW
,47725,DN-750-SX-SW
,47726,DN-750-SX-SW
,47728,DN-750-SX-SW
,47729,DN-750-SX-SW
,47730,DN-750-SX-SW
,47731,DN-750-SX-SW
6/27/2023,,
,47775,DN-750-SX-SW
,47776,DN-750-SX-SW
,47779,DN-750-SX-SW
,47781,DN-750-SX-SW
,47782,DN-750-SX-SW
7/4/2023,,
,47853,DN-600-CD-SS
7/6/2023,,
,47885,DN-750-CD-2B
,47886,"says DN-750-CD-2B, but really DN-750-CD-SW"
,47887,"says DN-750-CD-2B, but really DN-750-CD-SS"
,47888,DN-750-CD-2B
,47889,"says DN-750-CD-2B, but really DN-750-CD-SS"
,47890,"says DN-750-CD-2B, but really DN-750-CD-SS"
,47891,"says DN-750-CD-2B, but really DN-750-CD-SS"
,47894,DN-750-CD-2B
7-Jul-23,,
,47885,DN-750-CD-2B
,47886,"says DN-750-CD-2B, but really DN-750-CD-SW"
,47888,DN-750-CD-2B
,47889,"says DN-750-CD-2B, but really DN-750-CD-SS"
,47890,"says DN-750-CD-2B, but really DN-750-CD-SS"
,47891,"says DN-750-CD-2B, but really DN-750-CD-SS"
,47893,"says nothing, but really DN-750-CD-SS"
,47894,DN-750-CD-2B
7/11/2023,,
,47918,DN-750-CD-SS
7/12/2023,,
,47932,DN-750-CD-SS
,47936,DN-750-CD-SS
7/18/2023,,
,47955,DN-750-CD-SS
,47956,DN-750-CD-SS
,47958,DN-750-SX-SW
,47959,DN-750-SX-SW
,47961,DN-750-SX-SW
,47962,DN-750-SX-SW
,47963,DN-750-SX-SW
,47964,DN-750-SX-SW
7/19/2023,,
,47979,"says DN-750-SX-2B, but really DN-750-SX-SW"
,47980,DN-750-SX-2B
,47982,DN-750-SX-SW
,47985,DN-750-SX-SW
7/20/2023,,
,47989,DN-750-CD-SS
,47990,DN-750-CD-SS
,47991,DN-750-CD-SS
,47996,DN-750-CD-SS
,47997,DN-750-CD-SS
,47998,DN-750-CD-SW
,47999,DN-750-CD-SW
,48000,DN-750-CD-SW
,48002,DN-750-CD-SW
,48003,DN-750-CD-2B
,48004,DN-750-SX-2B
,48005,DN-750-SX-2B
,48006,DN-750-CD-2B
7/21/2023,,
,48008,DN-750-SX-SW
,48009,DN-750-SX-SW
,48010,DN-750-SX-SW
,48012,DN-750-SX-SW
7/26/2023,,
,48057,DN-750-CD-SS
,48058,DN-750-CD-SS
7/27/2023,,
,48060,DN-750-CD-SS
,48061,DN-750-CD-SS
,48062,DN-750-CD-SS
,48064,DN-750-CD-SS
,48065,DN-750-CD-SS
,48066,DN-750-CD-SS
,48068,DN-750-CD-SS
,48069,DN-750-CD-SS
,48070,DN-750-CD-SS
,48071,DN-750-CD-SS
,48072,DN-750-CD-SS
,48073,DN-750-CD-SS
,48074,DN-750-CD-SS
7/28/2023,,
,48079,DN-750-CD-SS
,48080,DN-750-CD-SS
,48081,DN-750-CD-SS
,48082,DN-750-CD-SS
,48083,DN-750-CD-SS
,48087,DN-750-CD-SS
,48088,DN-750-CD-SS
,48089,DN-750-CD-SS
8/1/2023,,
,48093,DN-600-CD-SS
,48094,DN-750-CD-SS
,48103,DN-750-CD-SS
,48104,DN-750-CD-SS
8/2/2023,,
,48107,DN-750-CD-SS
,48108,DN-750-CD-SS
,48109,DN-750-CD-SS
,48110,DN-750-CD-SS
,48111,DN-750-CD-SS
,48112,DN-600-CD-SS
,48113,DN-600-CD-SS
,48114,DN-600-CD-SS
,48115,DN-750-CD-SS
,48116,DN-750-CD-SS
,48117,DN-750-CD-SS
,48118,DN-750-CD-SS
,48119,DN-750-CD-SS
,48120,DN-600-CD-SS
,48121,DN-600-CD-SS
,48122,DN-750-CD-SS
,48123,DN-750-CD-SS
,48124,DN-600-CD-2B
,48125,DN-600-CD-2B
,48126,DN-600-CD-2B
,48127,DN-600-CD-2B
8/3/2023,,
,48129,DN-750-SX-2B
,48130,DN-750-SX-2B
,48131,"says DN-750-SX-2B, but really DN-750-SX-SS"
,48132,DN-750-SX-2B
,48133,DN-750-SX-2B
,48134,DN-750-SX-2B
,48135,DN-750-SX-2B
,48136,DN-750-SX-2B
,48137,DN-750-CD-SS
8/4/2023,,
,48151,DN-600-CD-SS
,48155,DN-600-CD-SS
,48156,DN-600-CD-SS
,48157,DN-750-SX-2B
,48158,DN-750-SX-2B
,48159,DN-750-SX-2B
,48160,DN-750-SX-2B
,48164,DN-1000-CD-2B
,48166,DN-1000-CD-2B
,48168,DN-1000-CD-2B
8/8/2023,,
,48172,DN-750-SX-2B
,48173,DN-750-SX-2B
,48174,"says DN-750-SX-2B, but really DN-750-SX-SW"
,48175,"says DN-750-CD-2B, but really DN-750-CD-SW"
,48176,"says DN-750-SX-2B, but really DN-750-SX-SW"
,48177,DN-750-CD-2B
,48178,DN-750-CD-2B
,48179,DN-750-CD-2B
,48180,DN-750-CD-2B
,48181,DN-750-CD-2B
,48182,DN-750-CD-2B
,48183,"says DN-750-CD-2B, but really DN-750-CD-SS"
8/9/2023,,
,48186,DN-750-SX-SS
,48187,DN-750-SX-SS
,48188,DN-750-SX-SS
,48189,DN-750-SX-SS
,48193,DN-750-CD-SS
,48194,DN-750-CD-SS
,48196,DN-750-CD-SS
,48198,DN-750-CD-SS
,48200,DN-750-CD-SS
8/10/2023,,
,48219,DN-750-CD-SS
,48221,DN-750-CD-SS
,48223,DN-750-CD-SS
8/11/2023,,
,48233,DN-750-SX-SS
,48235,DN-750-SX-SS
8/15/2023,,
,48251,DN-750-CD-SS
,48252,DN-750-CD-SS
,48255,DN-600-CD-2B
,48256,"says DN-600-CD-2B, but really DN-600-CD-SS"
,48257,DN-600-CD-2B
,48258,DN-600-CD-2B
,48259,DN-600-CD-2B
,48260,DN-600-CD-2B
,48261,DN-600-CD-2B
,48263,DN-600-CD-2B
,48265,DN-600-CD-2B
8/16/2023,,
,48267,DN-750-CD-SS
,48268,DN-750-CD-SS
,48269,DN-750-CD-SS
,48270,DN-750-CD-2B
,48271,DN-750-CD-SS
,48272,DN-750-CD-SS
,48273,DN-750-CD-SS
,48275,DN-750-CD-SW
,48276,DN-750-CD-SW
,48278,DN-750-CD-SS
,48279,DN-1000-CD-2B
,48280,DN-1000-CD-2B
,48281,DN-1000-CD-2B
8/17/2023,,
,48284,DN-750-CD-SS
,48285,DN-750-CD-SS
,48286,DN-750-CD-SW
,48287,DN-750-CD-SW
,48288,DN-750-CD-SS
,48291,"says DN-750-CD-2B, but really DN-750-CD-SS"
,48292,DN-750-CD-2B
,48293,"says DN-750-CD-2B, but really DN-750-CD-SW"
,48295,DN-600-CD-SS
,48297,DN-600-CD-SS
,48298,DN-750-CD-SS
,48299,DN-600-CD-SS
8/18/2023,,
,48302,DN-600-CD-SS
,48303,DN-600-CD-SS
,48304,DN-600-CD-SW
,48305,DN-600-CD-SW
,48309,DN-750-CD-2B
,48310,"says DN-750-CD-2B, but really DN-750-CD-SS"
,48311,DN-750-CD-2B
,48312,DN-750-CD-2B
,48313,DN-600-CD-2B
,48314,"says DN-750-CD-2B, but really DN-750-CD-SW"
,48315,DN-750-CD-2B
,48316,"says DN-450-CD-2B, but really DN-450-CD-SS"
8/22/2023,,
,48326,DN-600-CD-SS
8/23/2023,,
,48330,DN-750-SX-SW
,48332,DN-750-SX-SW
,48333,DN-750-SX-SW
,48334,DN-750-SX-SW
,48336,DN-750-CD-SW
,48337,DN-750-CD-2B
,48338,DN-750-SX-SW
,48339,DN-750-CD-2B
,48340,DN-750-CD-2B
,48341,DN-750-CD-2B
,48342,DN-750-CD-2B
,48343,DN-750-CD-2B
,48344,DN-750-CD-2B
,48345,"says DN-750-CD-2B, but really DN-750-CD-SS"
,48347,DN-750-CD-SW
,48348,DN-750-CD-SW
8/24/2023,,
,48353,DN-750-SX-SW
,48354,DN-750-SX-SW
,48359,DN-750-SX-SW
,48361,DN-750-SX-2B
,48363,DN-750-SX-2B
,48366,DN-750-SX-2B
,48367,"says DN-750-SX-2B, but really DN-750-SX-SW"
,48368,LSN-750-SX-2B
,48369,LSN-750-SX-2B
,48370,DN-750-SX-2B
10/19/2023,,
,48533,DN-750-CD-SS
,48539,DN-750-CD-SS
10/20/2023,,
,48543,DN-750-CD-2B
,48544,DN-750-CD-2B
,48546,DN-750-CD-2B
,48547,DN-750-CD-2B
10/24/2023,,
,48551,DN-750-SX-2B
,48552,DN-750-CD-2B
,48555,DN-750-CD-2B
,48558,DN-750-CD-2B
,48559,DN-750-CD-2B
,48560,DN-750-CD-2B
,48561,DN-750-CD-2B
10/25/2023,,
,48579,DN-750-SX-2B
,48580,DN-750-SX-SS
10/26/2023,,
,48594,DN-750-CD-2B
,48595,DN-750-CD-2B
,48596,DN-750-CD-2B
,48597,DN-750-CD-2B
,48598,DN-750-CD-2B
,48599,DN-750-CD-2B
,48602,DN-750-CD-2B
,48603,DN-750-CD-2B
,48604,"says DN-750-CD-2B, but really DN-750-CD-SS"
,48605,DN-750-CD-2B
,48606,"says DN-750-CD-2B, but really DN-750-CD-SS"
10/27/2023,,
,48609,DN-750-CD-2B
,48611,DN-750-CD-2B
,48614,"says DN-750-CD-2B, but really DN-750-CD-SW"
,48615,"says DN-750-CD-2B, but really DN-750-CD-SW"
,48616,"says DN-750-CD-2B, but really DN-750-CD-SS"
,48617,DN-750-CD-2B
,48618,DN-750-CD-2B
,48619,DN-750-CD-2B
,48620,DN-750-CD-2B
,48622,DN-750-CD-2B
,48623,"says DN-750-CD-2B, but really DN-750-CD-SW"
10/31/2023,,
,48630,"says DN-750-CD-2B, but really DN-750-CD-SW"
,48631,DN-750-CD-2B
,48632,DN-750-CD-2B
,48634,DN-750-CD-2B
,48636,DN-750-CD-SS
,48638,DN-750-CD-SS
,48639,DN-750-CD-SS
,48640,DN-750-CD-SS
,48641,DN-750-CD-SS
,48642,DN-750-CD-SS
,48643,DN-750-CD-SS
,48644,DN-750-CD-SS
11/1/2023,,
,48646,LSN-750-SX-2B
,48647,LSN-750-SX-2B
,48648,LSN-750-SX-2B
,48649,"says LSN-750-SX-2B, but really LSN-750-SX-SS"
,48651,LSN-750-SX-2B
,48652,LSN-750-SX-2B
,48653,DN-750-CD-2B
,48654,DN-750-CD-2B
,48655,DN-750-CD-SS
,48656,DN-750-CD-2B
,48657,DN-750-CD-2B
,48658,DN-750-CD-2B
,48659,DN-750-CD-2B
,48660,DN-750-CD-2B
,48661,DN-750-CD-2B
11/2/2023,,
,48666,DN-750-CD-2B
,48668,"says DN-750-CD-2B, but really DN-750-CD-SS"
,48669,DN-750-CD-2B
,48670,DN-750-CD-2B
,48671,DN-750-CD-2B
,48672,DN-750-CD-2B
11/7/2023,,
,48710,DN-750-CD-SS
,48711,DN-750-CD-SS
,48712,DN-750-CD-SS
,48714,DN-750-CD-SS
,48715,DN-750-CD-SS
,48716,DN-750-CD-SS
,48717,DN-750-CD-SS
,48718,DN-750-CD-SS
11/8/2023,,
,48721,DN-600-CD-SS
,48722,DN-600-CD-SS
,48723,DN-600-CD-SS
,48725,DN-600-CD-SS
,48726,DN-600-CD-SS
11/9/2023,,
,48735,DN-750-CD-SS
,48738,DN-750-CD-SS
,48740,DN-750-CD-SS
,48743,DN-450-CD-SS
,48745,DN-750-CD-SS
,48749,DN-750-CD-SS
,48750,DN-750-CD-SS
,48752,DN-600-CD-SS
,48755,DN-450-CD-SS
11/10/2023,,
,48757,DN-750-CD-SS
,48758,DN-750-CD-SS
,48759,DN-750-CD-SS
,48760,DN-750-CD-SS
,48761,DN-750-CD-SS
,48762,DN-750-CD-SS
,48763,DN-600-SF-SS
,48764,DN-600-SF-SS
,48765,DN-600-SF-SS
,48766,DN-600-SF-SS
,48767,DN-600-SF-SS
,48768,DN-600-SF-SS
,48769,DN-600-SF-SS
11/14/2023,,
,48772,DN-750-CD-SS
,48777,DN-750-CD-SS
,48778,DN-750-CD-SS
,48779,DN-750-CD-SS
,48780,DN-750-CD-SS
,48788,DN-750-CD-SS
,48789,DN-750-CD-SS
,48791,DN-750-CD-SS
11/15/2023,,
,48797,DN-600-CD-SS
,48798,DN-600-CD-SS
,48799,DN-600-CD-SS
,48800,DN-600-CD-SS
,48801,DN-600-CD-SS
,48802,DN-600-CD-SS
,48803,DN-600-CD-SS
,48804,DN-600-CD-SS
,48805,DN-600-CD-SS
,48806,DN-750-CD-SS
,48807,DN-750-CD-SS
,48808,DN-750-CD-SS
,48809,DN-750-CD-SS
,48811,DN-750-CD-SS
,48812,DN-750-CD-SS
,48813,DN-750-CD-SS
11/16/2023,,
,48816,DN-750-CD-SS
,48817,DN-750-CD-SS
,48818,DN-750-CD-SS
,48819,DN-750-CD-SS
,48820,DN-750-CD-SS
,48821,DN-750-CD-SS
,48822,DN-750-CD-SS
,48823,DN-750-CD-SS
,48824,DN-750-CD-SS
,48825,DN-750-CD-SS
,48826,DN-750-CD-SS
,48827,DN-750-CD-SS
,48828,DN-750-CD-SS
,48829,DN-750-CD-SS
,48830,DN-750-CD-SS
,48832,DN-750-CD-SS
,48834,DN-750-CD-SS
,48835,DN-750-CD-SS
,48836,DN-750-CD-SS
11/17/2023,,
,48840,DN-600-CD-SS
,48841,DN-600-CD-SS
,48842,DN-600-CD-SS
,48844,DN-600-CD-SS
,48845,DN-600-CD-SS
,48846,DN-600-CD-SS
,48847,DN-750-CD-SS
,48849,DN-750-CD-SS
,48850,DN-750-SX-SS
,48851,DN-750-SX-SS
,48853,DN-750-CD-SS
11/21/2023,,
,48863,DN-750-SX-SS
,48864,DN-750-SX-SS
,48866,DN-750-SX-SS
,48867,DN-750-SX-SS
,48868,DN-750-CD-SS
,48869,DN-750-CD-SS
,48870,DN-750-CD-SS
,48871,DN-750-CD-SS
,48872,DN-750-CD-SS
,48873,DN-750-CD-SS
,48874,DN-750-CD-SS
11/22/2023,,
,48879,DN-750-CD-SS
,48880,DN-750-CD-SS
,48882,DN-750-CD-SS
,48883,DN-750-CD-SS
,48884,DN-450-CD-SS
,48885,DN-450-CD-SS
,48886,DN-750-CD-SS
,48888,DN-750-SX-SS
,48889,DN-750-SX-SS
,48890,DN-750-CD-SS
,48892,DN-750-CD-SS
,48893,DN-750-CD-SS
,48894,DN-750-CD-SS
,48895,DN-750-CD-SS
,48896,DN-750-CD-SS
11/23/2023,,
,48898,DN-750-SX-SS
,48899,DN-750-SX-SS
,48900,DN-750-SX-SS
,48901,DN-750-SX-SS
,48902,DN-750-CD-SS
,48903,DN-750-CD-SS
,48904,DN-750-CD-SS
,48906,DN-750-CD-SS
,48907,DN-750-CD-SS
,48908,DN-750-CD-SS
,48909,DN-750-SX-SS
,48910,DN-750-CD-SS
,48911,DN-750-CD-SS
,48912,DN-750-CD-SS
,48913,DN-750-CD-SS
,48915,DN-750-CD-SS
,48916,DN-750-SX-SS
,48917,DN-750-SX-SS
,48918,DN-750-CD-SS
,48919,DN-750-CD-SS
,48920,DN-750-CD-SS
,48921,DN-750-CD-SS
11/24/2023,,
,48925,DN-750-SX-SS
,48926,DN-750-SX-SS
,48927,DN-750-SX-SS
,48928,DN-750-SX-SS
,48929,DN-750-SX-SS
,48930,DN-750-SX-SS
,48931,DN-750-SX-SS
,48932,DN-750-SX-SS
,48933,DN-750-SX-SS
,48934,DN-750-SX-SS
,48935,DN-750-SX-SS
,48936,DN-750-SX-SS
12/5/2023,,
,49033,DN-750-CD-SW
,49034,DN-750-CD-SW
,49035,DN-750-CD-SW
,49036,DN-750-CD-SW
,49037,DN-750-CD-SW
,49038,DN-750-CD-SW
,49039,DN-750-CD-2B
,49040,DN-750-CD-2B
,49042,DN-750-CD-2B
12/6/2023,,
,49045,DN-750-CD-2B
,49046,DN-750-CD-2B
,49047,DN-750-CD-2B
,49048,DN-750-CD-2B
,49049,DN-750-CD-2B
,49050,DN-750-CD-2B
,49051,DN-750-CD-2B
,49052,LSN-750-SX-2B
,49054,"says LSN-750-SX-2B, but really LSN-750-SX-SW"
,49055,LSN-750-SX-2B
,49056,"says LSN-750-SX-2B, but really LSN-750-SX-SS"
,49057,LSN-750-SX-2B
,49058,LSN-750-SX-2B
,49059,LSN-750-SX-2B
,49060,LSN-750-SX-2B
,49061,LSN-750-SX-2B
,49062,LSN-750-SX-2B
,49063,LSN-750-SX-2B
12/7/2023,,
,49066,DN-750-SX-2B
,49069,DN-750-SX-2B
,49070,DN-750-CD-2B
,49071,DN-750-CD-2B
,49072,DN-750-CD-2B
,49073,DN-750-CD-SS
,49074,DN-750-CD-2B
,49075,DN-750-CD-2B
,49076,DN-750-CD-2B
,49077,"says DN-750-CD-2B, but really DN-750-CD-SS"
,49078,DN-750-CD-2B
12/8/2023,,
,49080,DN-750-CD-2B
,49081,DN-750-CD-2B
,49082,DN-750-CD-2B
,49084,"says DN-750-CD-2B, but really DN-750-CD-SS"
,49085,"says DN-750-CD-2B, but really DN-750-CD-SS"
,49087,DN-750-CD-SS
,49088,DN-750-CD-2B
,49089,DN-750-SX-2B
,49091,DN-750-CD-2B
,49092,"says DN-750-SX-2B, but really DN-750-SX-SW"
,49093,"says DN-750-SX-2B, but really DN-750-SX-SW"
,49094,DN-750-CD-2B
,49095,DN-750-SX-2B
12/12/2023,,
,49099,DN-750-SX-SW
,49101,"says DN-750-SX-2B, but really DN-750-SX-SW"
,49102,DN-750-SX-2B
,49103,"says DN-750-SX-2B, but really DN-750-SX-SS"
,49104,DN-750-SX-2B
,49105,"says DN-750-SX-2B, but really DN-750-SX-SW"
,49106,DN-750-SX-2B
,49107,DN-750-CD-2B
,49108,DN-750-CD-2B
,49109,DN-750-CD-2B
,49110,DN-750-CD-2B
,49111,DN-750-CD-2B
,49112,"says DN-750-CD-2B, but really DN-750-CD-SS"
,49113,"says DN-750-CD-2B, but really DN-750-CD-SS"
12/13/2023,,
,49117,DN-750-CD-2B
,49118,DN-750-CD-2B
,49119,DN-750-CD-2B
,49120,DN-600-CD-2B
,49121,"says DN-600-CD-2B, but really DN-600-CD-SW"
,49122,DN-600-CD-2B
,49123,DN-600-CD-2B
,49124,DN-600-CD-2B
,49125,DN-600-CD-2B
,49126,DN-750-CD-2B
,49127,DN-750-CD-2B
,49128,"says DN-600-CD-2B, but really DN-600-CD-SS"
,49129,DN-600-CD-2B
,49130,"says DN-600-CD-2B, but really DN-600-CD-SS"
,49131,DN-600-CD-2B
12/14/2023,,
,49134,DN-750-SX-2B
,49135,DN-750-SX-2B
,49136,DN-750-SX-2B
,49137,"says DN-750-SX-2B, but really DN-750-SX-SW"
,49138,DN-750-SX-2B
,49139,DN-750-CD-2B
,49140,"says DN-750-CD-2B, but really DN-750-CD-SW"
,49141,DN-750-SX-2B
,49142,DN-750-CD-2B
,49143,DN-750-CD-2B
,49145,DN-750-CD-2B
,49146,DN-750-CD-2B
,49147,DN-750-CD-2B
,49148,"says DN-750-CD-2B, but really DN-750-CD-SW"
,49149,DN-750-CD-2B
,49150,DN-750-CD-2B
,49151,DN-750-CD-2B
,49152,DN-750-CD-2B
,49154,DN-750-CD-2B
,49157,DN-750-CD-2B
,49159,DN-750-CD-2B
12/15/2023,,
,49162,says DN-600-CD-2B but really DN-600-CD-SW
,49163,DN-600-CD-2B
,49164,says DN-600-CD-2B but really DN-600-CD-SW
,49166,says DN-600-CD-2B but really DN-600-CD-SW
,49167,says DN-600-CD-2B but really DN-600-CD-SS
,49168,DN-600-CD-2B
,49169,DN-600-CD-2B
,49170,DN-450-CD-2B
,49171,says DN-450-CD-2B but really DN-450-CD-SW
,49172,DN-750-CD-2B
,49173,DN-750-CD-2B
,49174,DN-450-CD-2B
,49175,DN-450-CD-2B
12/18/2023,,
,49177,DN-750-SX-SW
,49178,DN-750-CD-2B
,49179,DN-750-CD-2B
,49180,DN-750-CD-2B
,49181,says DN-750-CD-2B but really DN-750-CD-SW
,49182,DN-750-CD-2B
,49183,DN-750-CD-2B
,49184,DN-750-CD-2B
12/19/2023,,
,49186,says DN-750-CD-2B but really DN-750-CD-SW
,49187,DN-750-CD-2B
,49188,DN-750-CD-2B
,49189,DN-750-CD-2B
,49190,DN-750-CD-2B
,49191,DN-750-CD-2B
,49192,DN-750-CD-2B
,49194,DN-750-CD-2B
,49195,DN-750-CD-2B
,49196,DN-750-SX-2B
,49197,DN-750-SX-2B
,49198,DN-750-SX-2B
,49200,DN-750-SX-2B
12/20/2023,,
,49204,DN-750-SX-2B
,49205,DN-750-CD-2B
,49206,DN-750-SX-2B
,49208,DN-1000-CD-2B
,49209,DN-1000-CD-2B
,49210,says DN-1000-CD-2B but really DN-1000-CD-SS
,49211,DN-1000-CD-2B
,49212,LSN-750-SX-2B
,49213,LSN-750-SX-2B
,49214,LSN-750-SX-2B
,49215,LSN-750-SX-2B
,49216,LSN-750-SX-2B
,49217,LSN-750-SX-2B
,49218,LSN-750-SX-2B
,49219,LSN-750-SX-2B
,49220,LSN-750-SX-2B
1/9/2024,,
,49239,DN-1000-CD-2B
,49240,DN-1000-CD-2B
,49241,DN-1000-CD-2B
,49242,DN-1000-CD-2B
,49243,DN-750-CD-2B
,49244,DN-750-CD-2B
,49245,DN-750-CD-2B
,49246,DN-750-CD-2B
,49247,DN-750-CD-2B
,49248,DN-750-CD-2B
,49249,DN-750-CD-2B
,49250,DN-750-CD-2B
1/10/2024,,
,49256,DN-1000-CD-2B
,49257,says DN-1000-CD-2B but really DN-1000-CD-SS
,49258,DN-1000-CD-2B
,49259,LSN-750-SXD-2B
,49260,LSN-750-SXD-2B
,49261,DN-750-CD-2B
,49262,USN-750-SXD-2B
1/11/2024,,
,49266,DN-750-SXD-2B
,49267,DN-750-SXD-2B
,49268,DN-750-SXD-SS
,49269,DN-750-SXD-2B
,49270,DN-750-CD-2B
,49271,says DN-750-CD-2B but really DN-750-CD-SW
,49272,DN-750-CD-2B
,49273,DN-750-SXD-2B
,49274,DN-750-SXD-2B
,49275,DN-750-SXD-2B
,49276,DN-750-SXD-2B
1/12/2024,,
,49281,DN-750-SXD-SW
,49282,DN-750-SXD-SW
,49283,DN-750-CD-SW
,49286,DN-750-SXD-SW
,49289,DN-750-SXD-SW
,49290,DN-750-SXD-SW
,49291,DN-750-CD-SW
,49292,DN-750-CD-SW
,49293,DN-750-CD-SW
,49295,DN-750-SXD-SW
,49296,DN-750-SXD-SW
,49297,DN-750-SXD-SW
,49298,DN-750-SXD-SW
,49299,DN-750-SXD-SW
,49301,DN-750-SXD-SW
,49302,DN-750-SXD-SW
,49303,DN-750-CD-SW
,49304,DN-750-CD-SW
1/15/2024,,
,49310,DN-750-CD-2B
,49312,DN-750-XD-2B
,49313,DN-750-CD-2B
,49314,DN-750-CD-2B
,49315,DN-750-XD-2B
,49317,says DN-750-CD-2B but really DN-750-CD-SW
,49318,says DN-750-XD-2B but really DN-750-XD-SW
,49319,says DN-750-CD-2B but really DN-750-CD-SW
,49320,DN-750-XD-2B
,49321,DN-750-CD-2B
1/16/2024,,
,49323,DN-750-SXD-2B
,49324,DN-750-SXD-2B
,49325,says DN-750-SXD-2B but really DN-750-SXD-SS
,49326,DN-750-SXD-2B
,49327,DN-750-SXD-SW
,49328,DN-750-SXD-SW
,49336,DN-750-CD-2B
,49337,DN-750-CD-2B
,49338,DN-750-CD-2B
,49339,DN-750-CD-2B
,49340,DN-750-CD-2B
,49341,DN-750-CD-2B
,49342,DN-750-CD-2B
,49343,says DN-750-CD-2B but really DN-750-CD-SW
,49344,DN-750-CD-2B
,49345,DN-750-CD-2B
,49346,DN-750-CD-2B
,49347,DN-750-CD-2B
1/17/2024,,
,49351,DN-750-CD-2B
,49352,DN-750-CD-2B
,49353,DN-750-CD-SS
,49354,DN-750-CD-2B
,49355,DN-750-CD-2B
,49356,DN-750-CD-SS
,49357,DN-750-CD-2B
,49358,DN-750-CD-2B
,49359,DN-750-CD-2B
,49360,DN-600-CD-2B
1/18/2024,,
,49363,DN-600-CD-SW
,49364,DN-1000-CD-2B
,49365,DN-1000-CD-2B
,49366,says DN-600-CD-2B but really DN-600-CD-SS
,49367,DN-600-CD-2B
,49368,DN-600-CD-2B
,49370,DN-600-CD-2B
,49371,DN-600-CD-2B
,49373,DN-600-XD-SW
,49374,DN-600-XD-SW
,49376,DN-750-CD-2B
,49377,DN-750-CD-2B
,49378,DN-750-CD-2B
,49379,DN-750-CD-2B
,49380,DN-750-CD-2B
1/19/2024,,
,49383,says DN-1000-CD-2B but actually DN-1000-CD-SW
,49384,says DN-1000-CD-2B but actually DN-1000-CD-SW
,49385,says DN-1000-CD-2B but actually DN-1000-CD-SW
,49386,DN-1000-CD-2B
,49387,DN-1000-CD-2B
,49388,DN-750-CD-2B
,49389,DN-750-CD-2B
,49390,DN-750-CD-2B
,49391,says DN-750-CD-2B but really DN-750-CD-SW
,49392,DN-750-CD-2B
,49394,DN-750-CD-2B
,49395,says DN-750-CD-2B but really DN-750-CD-SW
,49396,DN-750-CD-2B
,49397,DN-750-CD-2B
,49398,DN-750-SXD-2B
,49399,DN-750-SXD-2B
,49400,DN-750-CD-2B
,49401,DN-750-CD-2B
,49404,DN-750-CD-2B
,49405,DN-750-CD-2B
1/22/2024,,
,49407,DN-750-SXD-SW
,49408,DN-750-SXD-SW
,49409,DN-750-SXD-SW
,49410,DN-750-CD-2B
,49411,says DN-750-CD-2B but really DN-750-CD-SW
,49412,DN-750-CD-2B
,49413,DN-1000-CD-2B
,49414,DN-1000-CD-2B
,49415,DN-1000-CD-2B
,49416,DN-1000-CD-2B
,49417,DN-750-CD-2B
,49418,DN-750-CD-2B
,49419,DN-750-CD-2B
,49420,DN-750-CD-2B
,49421,DN-600-CD-2B
,49422,DN-750-CD-2B
,49423,DN-600-CD-2B
1/23/2024,,
,49425,DN-1000-CD-2B
,49426,DN-1000-CD-2B
,49427,says DN-1000-CD-2B but actually DN-1000-CD-SS
,49428,says DN-1000-CD-2B but actually DN-1000-CD-SS
,49429,DN-1000-CD-2B
,49430,DN-1000-CD-2B
,49431,DN-1000-CD-2B
,49432,DN-1000-CD-2B
,49433,says DN-1000-CD-2B but actually DN-1000-CD-SS
,49434,DN-600-CD-2B
,49435,DN-600-CD-2B
,49436,DN-600-CD-2B
,49437,DN-600-CD-2B
,49438,DN-600-CD-2B
,49439,DN-600-CD-2B
,49442,DN-600-CD-2B
,49444,DN-600-CD-2B
,49445,DN-600-CD-2B
,49447,DN-750-CD-SW
1/24/2024,,
,49449,DN-750-SX-SW
,49450,DN-750-SX-SW
,49451,DN-600-CD-2B
,49452,DN-750-CD-SW
,49453,DN-750-SX-SW
,49454,says DN-750-SX-2B but actually DN-750-SX-SW
,49456,DN-750-SX-2B
,49457,DN-600-CD-2B
,49458,DN-600-CD-2B
,49459,DN-750-CD-SW
,49460,says DN-600-CD-2B but actually DN-600-CD-SS
,49461,DN-600-CD-2B
,49462,DN-600-CD-2B
,49463,DN-600-CD-2B
,49464,DN-600-CD-2B
,49465,DN-600-SF-2B
,49466,DN-600-SF-2B
,49467,DN-600-SF-2B
,49468,DN-600-SF-2B